1,bulbasaur,,1,16,7,69,green,quadruped,1,45,medium-slow,https://raw.githubusercontent.com/PokeAPI/sprites/master/sprites/pokemon/1.png,24/01/18 06:11,24/01/18 06:11
2,ivysaur,1,1,32,10,130,green,quadruped,2,45,medium-slow,https://raw.githubusercontent.com/PokeAPI/sprites/master/sprites/pokemon/2.png,24/01/18 06:11,24/01/18 06:11
3,venusaur,2,1,16,20,1000,green,quadruped,3,45,medium-slow,https://raw.githubusercontent.com/PokeAPI/sprites/master/sprites/pokemon/3.png,24/01/18 06:11,24/01/18 06:11
4,charmander,,2,36,6,85,red,upright,4,45,medium-slow,https://raw.githubusercontent.com/PokeAPI/sprites/master/sprites/pokemon/4.png,24/01/18 06:11,24/01/18 06:11
5,charmeleon,4,2,16,11,190,red,upright,5,45,medium-slow,https://raw.githubusercontent.com/PokeAPI/sprites/master/sprites/pokemon/5.png,24/01/18 06:11,24/01/18 06:11
6,charizard,5,2,36,17,905,red,upright,6,45,medium-slow,https://raw.githubusercontent.com/PokeAPI/sprites/master/sprites/pokemon/6.png,24/01/18 06:11,24/01/18 06:11
7,squirtle,,3,7,5,90,blue,upright,7,45,medium-slow,https://raw.githubusercontent.com/PokeAPI/sprites/master/sprites/pokemon/7.png,24/01/18 06:11,24/01/18 06:11
8,wartortle,7,3,10,10,225,blue,upright,8,45,medium-slow,https://raw.githubusercontent.com/PokeAPI/sprites/master/sprites/pokemon/8.png,24/01/18 06:11,24/01/18 06:11
9,blastoise,8,3,7,16,855,blue,upright,9,45,medium-slow,https://raw.githubusercontent.com/PokeAPI/sprites/master/sprites/pokemon/9.png,24/01/18 06:11,24/01/18 06:11
10,caterpie,,4,10,3,29,green,armor,10,255,medium,https://raw.githubusercontent.com/PokeAPI/sprites/master/sprites/pokemon/10.png,24/01/18 06:11,24/01/18 06:11
11,metapod,10,4,18,7,99,green,squiggle,11,120,medium,https://raw.githubusercontent.com/PokeAPI/sprites/master/sprites/pokemon/11.png,24/01/18 06:11,24/01/18 06:11
12,butterfree,11,4,36,11,320,white,bug-wings,12,45,medium,https://raw.githubusercontent.com/PokeAPI/sprites/master/sprites/pokemon/12.png,24/01/18 06:11,24/01/18 06:11
13,weedle,,5,20,3,32,brown,armor,13,255,medium,https://raw.githubusercontent.com/PokeAPI/sprites/master/sprites/pokemon/13.png,24/01/18 06:11,24/01/18 06:11
14,kakuna,13,5,20,6,100,yellow,squiggle,14,120,medium,https://raw.githubusercontent.com/PokeAPI/sprites/master/sprites/pokemon/14.png,24/01/18 06:11,24/01/18 06:11
15,beedrill,14,5,22,10,295,yellow,bug-wings,15,45,medium,https://raw.githubusercontent.com/PokeAPI/sprites/master/sprites/pokemon/15.png,24/01/18 06:11,24/01/18 06:11
16,pidgey,,6,,3,18,brown,wings,16,255,medium-slow,https://raw.githubusercontent.com/PokeAPI/sprites/master/sprites/pokemon/16.png,24/01/18 06:11,24/01/18 06:11
17,pidgeotto,16,6,,11,300,brown,wings,17,120,medium-slow,https://raw.githubusercontent.com/PokeAPI/sprites/master/sprites/pokemon/17.png,24/01/18 06:11,24/01/18 06:11
18,pidgeot,17,6,22,15,395,brown,wings,18,45,medium-slow,https://raw.githubusercontent.com/PokeAPI/sprites/master/sprites/pokemon/18.png,24/01/18 06:11,24/01/18 06:11
19,rattata,,7,16,3,35,purple,quadruped,19,255,medium,https://raw.githubusercontent.com/PokeAPI/sprites/master/sprites/pokemon/19.png,24/01/18 06:11,24/01/18 06:11
20,raticate,19,7,,7,185,brown,quadruped,20,127,medium,https://raw.githubusercontent.com/PokeAPI/sprites/master/sprites/pokemon/20.png,24/01/18 06:11,24/01/18 06:11
21,spearow,,8,16,3,20,brown,wings,21,255,medium,https://raw.githubusercontent.com/PokeAPI/sprites/master/sprites/pokemon/21.png,24/01/18 06:11,24/01/18 06:11
22,fearow,21,8,,12,380,brown,wings,22,90,medium,https://raw.githubusercontent.com/PokeAPI/sprites/master/sprites/pokemon/22.png,24/01/18 06:11,24/01/18 06:11
23,ekans,,9,,20,69,purple,squiggle,23,255,medium,https://raw.githubusercontent.com/PokeAPI/sprites/master/sprites/pokemon/23.png,24/01/18 06:11,24/01/18 06:11
24,arbok,23,9,,35,650,purple,squiggle,24,90,medium,https://raw.githubusercontent.com/PokeAPI/sprites/master/sprites/pokemon/24.png,24/01/18 06:11,24/01/18 06:11
25,pikachu,172,10,,4,60,yellow,quadruped,25,190,medium,https://raw.githubusercontent.com/PokeAPI/sprites/master/sprites/pokemon/25.png,24/01/18 06:11,24/01/18 06:11
26,raichu,25,10,,8,300,yellow,upright,26,75,medium,https://raw.githubusercontent.com/PokeAPI/sprites/master/sprites/pokemon/26.png,24/01/18 06:11,24/01/18 06:11
27,sandshrew,,11,,6,120,yellow,upright,27,255,medium,https://raw.githubusercontent.com/PokeAPI/sprites/master/sprites/pokemon/27.png,24/01/18 06:11,24/01/18 06:11
28,sandslash,27,11,22,10,295,yellow,upright,28,90,medium,https://raw.githubusercontent.com/PokeAPI/sprites/master/sprites/pokemon/28.png,24/01/18 06:11,24/01/18 06:11
29,nidoran-f,,12,21,4,70,blue,quadruped,29,235,medium-slow,https://raw.githubusercontent.com/PokeAPI/sprites/master/sprites/pokemon/29.png,24/01/18 06:11,24/01/18 06:11
30,nidorina,29,12,,8,200,blue,quadruped,30,120,medium-slow,https://raw.githubusercontent.com/PokeAPI/sprites/master/sprites/pokemon/30.png,24/01/18 06:11,24/01/18 06:11
31,nidoqueen,30,12,24,13,600,blue,upright,31,45,medium-slow,https://raw.githubusercontent.com/PokeAPI/sprites/master/sprites/pokemon/31.png,24/01/18 06:11,24/01/18 06:11
32,nidoran-m,,13,31,5,90,purple,quadruped,32,235,medium-slow,https://raw.githubusercontent.com/PokeAPI/sprites/master/sprites/pokemon/32.png,24/01/18 06:11,24/01/18 06:11
33,nidorino,32,13,26,9,195,purple,quadruped,33,120,medium-slow,https://raw.githubusercontent.com/PokeAPI/sprites/master/sprites/pokemon/33.png,24/01/18 06:11,24/01/18 06:11
34,nidoking,33,13,28,14,620,purple,upright,34,45,medium-slow,https://raw.githubusercontent.com/PokeAPI/sprites/master/sprites/pokemon/34.png,24/01/18 06:11,24/01/18 06:11
35,clefairy,173,14,33,6,75,pink,upright,35,150,fast,https://raw.githubusercontent.com/PokeAPI/sprites/master/sprites/pokemon/35.png,24/01/18 06:11,24/01/18 06:11
36,clefable,35,14,28,13,400,pink,upright,36,25,fast,https://raw.githubusercontent.com/PokeAPI/sprites/master/sprites/pokemon/36.png,24/01/18 06:11,24/01/18 06:11
37,vulpix,,15,,6,99,brown,quadruped,37,190,medium,https://raw.githubusercontent.com/PokeAPI/sprites/master/sprites/pokemon/37.png,24/01/18 06:11,24/01/18 06:11
38,ninetales,37,15,25,11,199,yellow,quadruped,38,75,medium,https://raw.githubusercontent.com/PokeAPI/sprites/master/sprites/pokemon/38.png,24/01/18 06:11,24/01/18 06:11
39,jigglypuff,174,16,,5,55,pink,humanoid,39,170,fast,https://raw.githubusercontent.com/PokeAPI/sprites/master/sprites/pokemon/39.png,24/01/18 06:11,24/01/18 06:11
40,wigglytuff,39,16,16,10,120,pink,humanoid,40,50,fast,https://raw.githubusercontent.com/PokeAPI/sprites/master/sprites/pokemon/40.png,24/01/18 06:11,24/01/18 06:11
41,zubat,,17,,8,75,purple,wings,41,255,medium,https://raw.githubusercontent.com/PokeAPI/sprites/master/sprites/pokemon/41.png,24/01/18 06:11,24/01/18 06:11
42,golbat,41,17,28,16,550,purple,wings,42,90,medium,https://raw.githubusercontent.com/PokeAPI/sprites/master/sprites/pokemon/42.png,24/01/18 06:11,24/01/18 06:11
43,oddish,,18,,5,54,blue,legs,43,255,medium-slow,https://raw.githubusercontent.com/PokeAPI/sprites/master/sprites/pokemon/43.png,24/01/18 06:11,24/01/18 06:11
44,gloom,43,18,21,8,86,blue,humanoid,44,120,medium-slow,https://raw.githubusercontent.com/PokeAPI/sprites/master/sprites/pokemon/44.png,24/01/18 06:11,24/01/18 06:11
45,vileplume,44,18,,12,186,red,humanoid,45,45,medium-slow,https://raw.githubusercontent.com/PokeAPI/sprites/master/sprites/pokemon/45.png,24/01/18 06:11,24/01/18 06:11
46,paras,,19,30,3,54,red,armor,46,190,medium,https://raw.githubusercontent.com/PokeAPI/sprites/master/sprites/pokemon/46.png,24/01/18 06:11,24/01/18 06:11
47,parasect,46,19,25,10,295,red,armor,47,75,medium,https://raw.githubusercontent.com/PokeAPI/sprites/master/sprites/pokemon/47.png,24/01/18 06:11,24/01/18 06:11
48,venonat,,20,,10,300,purple,humanoid,48,190,medium,https://raw.githubusercontent.com/PokeAPI/sprites/master/sprites/pokemon/48.png,24/01/18 06:11,24/01/18 06:11
49,venomoth,48,20,40,15,125,purple,bug-wings,49,75,medium,https://raw.githubusercontent.com/PokeAPI/sprites/master/sprites/pokemon/49.png,24/01/18 06:11,24/01/18 06:11
50,diglett,,21,37,2,8,brown,blob,50,255,medium,https://raw.githubusercontent.com/PokeAPI/sprites/master/sprites/pokemon/50.png,24/01/18 06:11,24/01/18 06:11
51,dugtrio,50,21,30,7,333,brown,heads,51,50,medium,https://raw.githubusercontent.com/PokeAPI/sprites/master/sprites/pokemon/51.png,24/01/18 06:11,24/01/18 06:11
52,meowth,,22,31,4,42,yellow,quadruped,52,255,medium,https://raw.githubusercontent.com/PokeAPI/sprites/master/sprites/pokemon/52.png,24/01/18 06:11,24/01/18 06:11
53,persian,52,22,34,10,320,yellow,quadruped,53,90,medium,https://raw.githubusercontent.com/PokeAPI/sprites/master/sprites/pokemon/53.png,24/01/18 06:11,24/01/18 06:11
54,psyduck,,23,38,8,196,yellow,upright,54,190,medium,https://raw.githubusercontent.com/PokeAPI/sprites/master/sprites/pokemon/54.png,24/01/18 06:11,24/01/18 06:11
55,golduck,54,23,,17,766,blue,upright,55,75,medium,https://raw.githubusercontent.com/PokeAPI/sprites/master/sprites/pokemon/55.png,24/01/18 06:11,24/01/18 06:11
56,mankey,,24,25,5,280,brown,upright,56,190,medium,https://raw.githubusercontent.com/PokeAPI/sprites/master/sprites/pokemon/56.png,24/01/18 06:11,24/01/18 06:11
57,primeape,56,24,,10,320,brown,upright,57,75,medium,https://raw.githubusercontent.com/PokeAPI/sprites/master/sprites/pokemon/57.png,24/01/18 06:11,24/01/18 06:11
58,growlithe,,25,26,7,190,brown,quadruped,58,190,slow,https://raw.githubusercontent.com/PokeAPI/sprites/master/sprites/pokemon/58.png,24/01/18 06:11,24/01/18 06:11
59,arcanine,58,25,28,19,1550,brown,quadruped,59,75,slow,https://raw.githubusercontent.com/PokeAPI/sprites/master/sprites/pokemon/59.png,24/01/18 06:11,24/01/18 06:11
60,poliwag,,26,30,6,124,blue,legs,60,255,medium-slow,https://raw.githubusercontent.com/PokeAPI/sprites/master/sprites/pokemon/60.png,24/01/18 06:11,24/01/18 06:11
61,poliwhirl,60,26,,10,200,blue,humanoid,61,120,medium-slow,https://raw.githubusercontent.com/PokeAPI/sprites/master/sprites/pokemon/61.png,24/01/18 06:11,24/01/18 06:11
62,poliwrath,61,26,28,13,540,blue,humanoid,62,45,medium-slow,https://raw.githubusercontent.com/PokeAPI/sprites/master/sprites/pokemon/62.png,24/01/18 06:11,24/01/18 06:11
63,abra,,27,20,9,195,brown,upright,63,200,medium-slow,https://raw.githubusercontent.com/PokeAPI/sprites/master/sprites/pokemon/63.png,24/01/18 06:11,24/01/18 06:11
64,kadabra,63,27,20,13,565,brown,upright,64,100,medium-slow,https://raw.githubusercontent.com/PokeAPI/sprites/master/sprites/pokemon/64.png,24/01/18 06:11,24/01/18 06:11
65,alakazam,64,27,35,15,480,brown,humanoid,65,50,medium-slow,https://raw.githubusercontent.com/PokeAPI/sprites/master/sprites/pokemon/65.png,24/01/18 06:11,24/01/18 06:11
66,machop,,28,42,8,195,gray,upright,66,180,medium-slow,https://raw.githubusercontent.com/PokeAPI/sprites/master/sprites/pokemon/66.png,24/01/18 06:11,24/01/18 06:11
67,machoke,66,28,,15,705,gray,humanoid,67,90,medium-slow,https://raw.githubusercontent.com/PokeAPI/sprites/master/sprites/pokemon/67.png,24/01/18 06:11,24/01/18 06:11
68,machamp,67,28,32,16,1300,gray,humanoid,68,45,medium-slow,https://raw.githubusercontent.com/PokeAPI/sprites/master/sprites/pokemon/68.png,24/01/18 06:11,24/01/18 06:11
69,bellsprout,,29,33,7,40,green,humanoid,69,255,medium-slow,https://raw.githubusercontent.com/PokeAPI/sprites/master/sprites/pokemon/69.png,24/01/18 06:11,24/01/18 06:11
70,weepinbell,69,29,,10,64,green,blob,70,120,medium-slow,https://raw.githubusercontent.com/PokeAPI/sprites/master/sprites/pokemon/70.png,24/01/18 06:11,24/01/18 06:11
71,victreebel,70,29,,17,155,green,blob,71,45,medium-slow,https://raw.githubusercontent.com/PokeAPI/sprites/master/sprites/pokemon/71.png,24/01/18 06:11,24/01/18 06:11
72,tentacool,,30,30,9,455,blue,tentacles,72,190,slow,https://raw.githubusercontent.com/PokeAPI/sprites/master/sprites/pokemon/72.png,24/01/18 06:11,24/01/18 06:11
73,tentacruel,72,30,30,16,550,blue,tentacles,73,60,slow,https://raw.githubusercontent.com/PokeAPI/sprites/master/sprites/pokemon/73.png,24/01/18 06:11,24/01/18 06:11
74,geodude,,31,30,4,200,brown,arms,74,255,medium-slow,https://raw.githubusercontent.com/PokeAPI/sprites/master/sprites/pokemon/74.png,24/01/18 06:11,24/01/18 06:11
75,graveler,74,31,20,10,1050,brown,humanoid,75,120,medium-slow,https://raw.githubusercontent.com/PokeAPI/sprites/master/sprites/pokemon/75.png,24/01/18 06:11,24/01/18 06:11
76,golem,75,31,,14,3000,brown,humanoid,76,45,medium-slow,https://raw.githubusercontent.com/PokeAPI/sprites/master/sprites/pokemon/76.png,24/01/18 06:11,24/01/18 06:11
77,ponyta,,32,,10,300,yellow,quadruped,77,190,medium,https://raw.githubusercontent.com/PokeAPI/sprites/master/sprites/pokemon/77.png,24/01/18 06:11,24/01/18 06:11
78,rapidash,77,32,,17,950,yellow,quadruped,78,60,medium,https://raw.githubusercontent.com/PokeAPI/sprites/master/sprites/pokemon/78.png,24/01/18 06:11,24/01/18 06:11
79,slowpoke,,33,40,12,360,pink,quadruped,79,190,medium,https://raw.githubusercontent.com/PokeAPI/sprites/master/sprites/pokemon/79.png,24/01/18 06:11,24/01/18 06:11
80,slowbro,79,33,40,16,785,pink,upright,80,75,medium,https://raw.githubusercontent.com/PokeAPI/sprites/master/sprites/pokemon/80.png,24/01/18 06:11,24/01/18 06:11
81,magnemite,,34,,3,60,gray,arms,81,190,medium,https://raw.githubusercontent.com/PokeAPI/sprites/master/sprites/pokemon/81.png,24/01/18 06:11,24/01/18 06:11
82,magneton,81,34,30,10,600,gray,heads,82,60,medium,https://raw.githubusercontent.com/PokeAPI/sprites/master/sprites/pokemon/82.png,24/01/18 06:11,24/01/18 06:11
83,farfetchd,,35,55,8,150,brown,wings,83,45,medium,https://raw.githubusercontent.com/PokeAPI/sprites/master/sprites/pokemon/83.png,24/01/18 06:11,24/01/18 06:11
84,doduo,,36,16,14,392,brown,legs,84,190,medium,https://raw.githubusercontent.com/PokeAPI/sprites/master/sprites/pokemon/84.png,24/01/18 06:11,24/01/18 06:11
85,dodrio,84,36,32,18,852,brown,legs,85,45,medium,https://raw.githubusercontent.com/PokeAPI/sprites/master/sprites/pokemon/85.png,24/01/18 06:11,24/01/18 06:11
86,seel,,37,14,11,900,white,fish,86,190,medium,https://raw.githubusercontent.com/PokeAPI/sprites/master/sprites/pokemon/86.png,24/01/18 06:11,24/01/18 06:11
87,dewgong,86,37,36,17,1200,white,fish,87,75,medium,https://raw.githubusercontent.com/PokeAPI/sprites/master/sprites/pokemon/87.png,24/01/18 06:11,24/01/18 06:11
88,grimer,,38,18,9,300,purple,arms,88,190,medium,https://raw.githubusercontent.com/PokeAPI/sprites/master/sprites/pokemon/88.png,24/01/18 06:11,24/01/18 06:11
89,muk,88,38,30,12,300,purple,arms,89,75,medium,https://raw.githubusercontent.com/PokeAPI/sprites/master/sprites/pokemon/89.png,24/01/18 06:11,24/01/18 06:11
90,shellder,,39,15,3,40,purple,ball,90,190,slow,https://raw.githubusercontent.com/PokeAPI/sprites/master/sprites/pokemon/90.png,24/01/18 06:11,24/01/18 06:11
91,cloyster,90,39,20,15,1325,purple,ball,91,60,slow,https://raw.githubusercontent.com/PokeAPI/sprites/master/sprites/pokemon/91.png,24/01/18 06:11,24/01/18 06:11
92,gastly,,40,18,13,1,purple,ball,92,190,medium-slow,https://raw.githubusercontent.com/PokeAPI/sprites/master/sprites/pokemon/92.png,24/01/18 06:11,24/01/18 06:11
93,haunter,92,40,22,16,1,purple,arms,93,90,medium-slow,https://raw.githubusercontent.com/PokeAPI/sprites/master/sprites/pokemon/93.png,24/01/18 06:11,24/01/18 06:11
94,gengar,93,40,,15,405,purple,upright,94,45,medium-slow,https://raw.githubusercontent.com/PokeAPI/sprites/master/sprites/pokemon/94.png,24/01/18 06:11,24/01/18 06:11
95,onix,,41,27,88,2100,gray,squiggle,95,45,medium,https://raw.githubusercontent.com/PokeAPI/sprites/master/sprites/pokemon/95.png,24/01/18 06:11,24/01/18 06:11
96,drowzee,,42,,10,324,yellow,humanoid,96,190,medium,https://raw.githubusercontent.com/PokeAPI/sprites/master/sprites/pokemon/96.png,24/01/18 06:11,24/01/18 06:11
97,hypno,96,42,25,16,756,yellow,humanoid,97,75,medium,https://raw.githubusercontent.com/PokeAPI/sprites/master/sprites/pokemon/97.png,24/01/18 06:11,24/01/18 06:11
98,krabby,,43,15,4,65,red,armor,98,225,medium,https://raw.githubusercontent.com/PokeAPI/sprites/master/sprites/pokemon/98.png,24/01/18 06:11,24/01/18 06:11
99,kingler,98,43,30,13,600,red,armor,99,60,medium,https://raw.githubusercontent.com/PokeAPI/sprites/master/sprites/pokemon/99.png,24/01/18 06:11,24/01/18 06:11
100,voltorb,,44,,5,104,red,ball,100,190,medium,https://raw.githubusercontent.com/PokeAPI/sprites/master/sprites/pokemon/100.png,24/01/18 06:11,24/01/18 06:11
101,electrode,100,44,,12,666,red,ball,101,60,medium,https://raw.githubusercontent.com/PokeAPI/sprites/master/sprites/pokemon/101.png,24/01/18 06:11,24/01/18 06:11
102,exeggcute,,45,18,4,25,pink,heads,102,90,slow,https://raw.githubusercontent.com/PokeAPI/sprites/master/sprites/pokemon/102.png,24/01/18 06:11,24/01/18 06:11
103,exeggutor,102,45,,20,1200,yellow,legs,103,45,slow,https://raw.githubusercontent.com/PokeAPI/sprites/master/sprites/pokemon/103.png,24/01/18 06:11,24/01/18 06:11
104,cubone,,46,,4,65,brown,upright,104,190,medium,https://raw.githubusercontent.com/PokeAPI/sprites/master/sprites/pokemon/104.png,24/01/18 06:11,24/01/18 06:11
105,marowak,104,46,18,10,450,brown,upright,105,75,medium,https://raw.githubusercontent.com/PokeAPI/sprites/master/sprites/pokemon/105.png,24/01/18 06:11,24/01/18 06:11
106,hitmonlee,236,47,27,15,498,brown,humanoid,106,45,medium,https://raw.githubusercontent.com/PokeAPI/sprites/master/sprites/pokemon/106.png,24/01/18 06:11,24/01/18 06:11
107,hitmonchan,236,47,,14,502,brown,humanoid,107,45,medium,https://raw.githubusercontent.com/PokeAPI/sprites/master/sprites/pokemon/107.png,24/01/18 06:11,24/01/18 06:11
108,lickitung,,48,20,12,655,pink,upright,108,45,medium,https://raw.githubusercontent.com/PokeAPI/sprites/master/sprites/pokemon/108.png,24/01/18 06:11,24/01/18 06:11
109,koffing,,49,,6,10,purple,ball,109,190,medium,https://raw.githubusercontent.com/PokeAPI/sprites/master/sprites/pokemon/109.png,24/01/18 06:11,24/01/18 06:11
110,weezing,109,49,,12,95,purple,heads,110,60,medium,https://raw.githubusercontent.com/PokeAPI/sprites/master/sprites/pokemon/110.png,24/01/18 06:11,24/01/18 06:11
111,rhyhorn,,50,,10,1150,gray,quadruped,111,120,slow,https://raw.githubusercontent.com/PokeAPI/sprites/master/sprites/pokemon/111.png,24/01/18 06:11,24/01/18 06:11
112,rhydon,111,50,15,19,1200,gray,upright,112,60,slow,https://raw.githubusercontent.com/PokeAPI/sprites/master/sprites/pokemon/112.png,24/01/18 06:11,24/01/18 06:11
113,chansey,440,51,31,11,346,pink,upright,113,30,fast,https://raw.githubusercontent.com/PokeAPI/sprites/master/sprites/pokemon/113.png,24/01/18 06:11,24/01/18 06:11
114,tangela,,52,,10,350,blue,legs,114,45,medium,https://raw.githubusercontent.com/PokeAPI/sprites/master/sprites/pokemon/114.png,24/01/18 06:11,24/01/18 06:11
115,kangaskhan,,53,23,22,800,brown,upright,115,45,medium,https://raw.githubusercontent.com/PokeAPI/sprites/master/sprites/pokemon/115.png,24/01/18 06:11,24/01/18 06:11
116,horsea,,54,,4,80,blue,blob,116,225,medium,https://raw.githubusercontent.com/PokeAPI/sprites/master/sprites/pokemon/116.png,24/01/18 06:11,24/01/18 06:11
117,seadra,116,54,30,12,250,blue,blob,117,75,medium,https://raw.githubusercontent.com/PokeAPI/sprites/master/sprites/pokemon/117.png,24/01/18 06:11,24/01/18 06:11
118,goldeen,,55,38,6,150,red,fish,118,225,medium,https://raw.githubusercontent.com/PokeAPI/sprites/master/sprites/pokemon/118.png,24/01/18 06:11,24/01/18 06:11
119,seaking,118,55,33,13,390,red,fish,119,60,medium,https://raw.githubusercontent.com/PokeAPI/sprites/master/sprites/pokemon/119.png,24/01/18 06:11,24/01/18 06:11
120,staryu,,56,25,8,345,brown,blob,120,225,slow,https://raw.githubusercontent.com/PokeAPI/sprites/master/sprites/pokemon/120.png,24/01/18 06:11,24/01/18 06:11
121,starmie,120,56,,11,800,purple,blob,121,60,slow,https://raw.githubusercontent.com/PokeAPI/sprites/master/sprites/pokemon/121.png,24/01/18 06:11,24/01/18 06:11
122,mr-mime,439,57,24,13,545,pink,humanoid,122,45,medium,https://raw.githubusercontent.com/PokeAPI/sprites/master/sprites/pokemon/122.png,24/01/18 06:11,24/01/18 06:11
123,scyther,,58,,15,560,green,bug-wings,123,45,medium,https://raw.githubusercontent.com/PokeAPI/sprites/master/sprites/pokemon/123.png,24/01/18 06:11,24/01/18 06:11
124,jynx,238,59,25,14,406,red,humanoid,124,45,medium,https://raw.githubusercontent.com/PokeAPI/sprites/master/sprites/pokemon/124.png,24/01/18 06:11,24/01/18 06:11
125,electabuzz,239,60,,11,300,yellow,upright,125,45,medium,https://raw.githubusercontent.com/PokeAPI/sprites/master/sprites/pokemon/125.png,24/01/18 06:11,24/01/18 06:11
126,magmar,240,61,20,13,445,red,upright,126,45,medium,https://raw.githubusercontent.com/PokeAPI/sprites/master/sprites/pokemon/126.png,24/01/18 06:11,24/01/18 06:11
127,pinsir,,62,,15,550,brown,humanoid,127,45,slow,https://raw.githubusercontent.com/PokeAPI/sprites/master/sprites/pokemon/127.png,24/01/18 06:11,24/01/18 06:11
128,tauros,,63,30,14,884,brown,quadruped,128,45,slow,https://raw.githubusercontent.com/PokeAPI/sprites/master/sprites/pokemon/128.png,24/01/18 06:11,24/01/18 06:11
129,magikarp,,64,55,9,100,red,fish,129,255,slow,https://raw.githubusercontent.com/PokeAPI/sprites/master/sprites/pokemon/129.png,24/01/18 06:11,24/01/18 06:11
130,gyarados,129,64,16,65,2350,blue,squiggle,130,45,slow,https://raw.githubusercontent.com/PokeAPI/sprites/master/sprites/pokemon/130.png,24/01/18 06:11,24/01/18 06:11
131,lapras,,65,36,25,2200,blue,fish,131,45,slow,https://raw.githubusercontent.com/PokeAPI/sprites/master/sprites/pokemon/131.png,24/01/18 06:11,24/01/18 06:11
132,ditto,,66,16,3,40,purple,ball,132,35,medium,https://raw.githubusercontent.com/PokeAPI/sprites/master/sprites/pokemon/132.png,24/01/18 06:11,24/01/18 06:11
133,eevee,,67,36,3,65,brown,quadruped,133,45,medium,https://raw.githubusercontent.com/PokeAPI/sprites/master/sprites/pokemon/133.png,24/01/18 06:11,24/01/18 06:11
134,vaporeon,133,67,16,10,290,blue,quadruped,134,45,medium,https://raw.githubusercontent.com/PokeAPI/sprites/master/sprites/pokemon/134.png,24/01/18 06:11,24/01/18 06:11
135,jolteon,133,67,36,8,245,yellow,quadruped,135,45,medium,https://raw.githubusercontent.com/PokeAPI/sprites/master/sprites/pokemon/135.png,24/01/18 06:11,24/01/18 06:11
136,flareon,133,67,18,9,250,red,quadruped,136,45,medium,https://raw.githubusercontent.com/PokeAPI/sprites/master/sprites/pokemon/136.png,24/01/18 06:11,24/01/18 06:11
137,porygon,,68,20,8,365,pink,legs,137,45,medium,https://raw.githubusercontent.com/PokeAPI/sprites/master/sprites/pokemon/137.png,24/01/18 06:11,24/01/18 06:11
138,omanyte,,69,7,4,75,blue,tentacles,138,45,medium,https://raw.githubusercontent.com/PokeAPI/sprites/master/sprites/pokemon/138.png,24/01/18 06:11,24/01/18 06:11
139,omastar,138,69,10,10,350,blue,tentacles,139,45,medium,https://raw.githubusercontent.com/PokeAPI/sprites/master/sprites/pokemon/139.png,24/01/18 06:11,24/01/18 06:11
140,kabuto,,70,7,5,115,brown,armor,140,45,medium,https://raw.githubusercontent.com/PokeAPI/sprites/master/sprites/pokemon/140.png,24/01/18 06:11,24/01/18 06:11
141,kabutops,140,70,10,13,405,brown,upright,141,45,medium,https://raw.githubusercontent.com/PokeAPI/sprites/master/sprites/pokemon/141.png,24/01/18 06:11,24/01/18 06:11
142,aerodactyl,,71,14,18,590,purple,wings,142,45,slow,https://raw.githubusercontent.com/PokeAPI/sprites/master/sprites/pokemon/142.png,24/01/18 06:11,24/01/18 06:11
143,snorlax,446,72,,21,4600,black,humanoid,143,25,slow,https://raw.githubusercontent.com/PokeAPI/sprites/master/sprites/pokemon/143.png,24/01/18 06:11,24/01/18 06:11
144,articuno,,73,14,17,554,blue,wings,144,3,slow,https://raw.githubusercontent.com/PokeAPI/sprites/master/sprites/pokemon/144.png,24/01/18 06:11,24/01/18 06:11
145,zapdos,,74,,16,526,yellow,wings,145,3,slow,https://raw.githubusercontent.com/PokeAPI/sprites/master/sprites/pokemon/145.png,24/01/18 06:11,24/01/18 06:11
146,moltres,,75,22,20,600,yellow,wings,146,3,slow,https://raw.githubusercontent.com/PokeAPI/sprites/master/sprites/pokemon/146.png,24/01/18 06:11,24/01/18 06:11
147,dratini,,76,25,18,33,blue,squiggle,147,45,slow,https://raw.githubusercontent.com/PokeAPI/sprites/master/sprites/pokemon/147.png,24/01/18 06:11,24/01/18 06:11
148,dragonair,147,76,20,40,165,blue,squiggle,148,45,slow,https://raw.githubusercontent.com/PokeAPI/sprites/master/sprites/pokemon/148.png,24/01/18 06:11,24/01/18 06:11
149,dragonite,148,76,30,22,2100,brown,upright,149,45,slow,https://raw.githubusercontent.com/PokeAPI/sprites/master/sprites/pokemon/149.png,24/01/18 06:11,24/01/18 06:11
150,mewtwo,,77,22,20,1220,purple,upright,150,3,slow,https://raw.githubusercontent.com/PokeAPI/sprites/master/sprites/pokemon/150.png,24/01/18 06:11,24/01/18 06:11
151,mew,,78,23,4,40,pink,upright,151,45,medium-slow,https://raw.githubusercontent.com/PokeAPI/sprites/master/sprites/pokemon/151.png,24/01/18 06:11,24/01/18 06:11
152,chikorita,,79,18,9,64,green,quadruped,152,45,medium-slow,https://raw.githubusercontent.com/PokeAPI/sprites/master/sprites/pokemon/152.png,24/01/18 06:11,24/01/18 06:11
153,bayleef,152,79,36,12,158,green,quadruped,153,45,medium-slow,https://raw.githubusercontent.com/PokeAPI/sprites/master/sprites/pokemon/153.png,24/01/18 06:11,24/01/18 06:11
154,meganium,153,79,20,18,1005,green,quadruped,154,45,medium-slow,https://raw.githubusercontent.com/PokeAPI/sprites/master/sprites/pokemon/154.png,24/01/18 06:11,24/01/18 06:11
155,cyndaquil,,80,,5,79,yellow,humanoid,155,45,medium-slow,https://raw.githubusercontent.com/PokeAPI/sprites/master/sprites/pokemon/155.png,24/01/18 06:11,24/01/18 06:11
156,quilava,155,80,20,9,190,yellow,quadruped,156,45,medium-slow,https://raw.githubusercontent.com/PokeAPI/sprites/master/sprites/pokemon/156.png,24/01/18 06:11,24/01/18 06:11
157,typhlosion,156,80,40,17,795,yellow,quadruped,157,45,medium-slow,https://raw.githubusercontent.com/PokeAPI/sprites/master/sprites/pokemon/157.png,24/01/18 06:11,24/01/18 06:11
158,totodile,,81,24,6,95,blue,upright,158,45,medium-slow,https://raw.githubusercontent.com/PokeAPI/sprites/master/sprites/pokemon/158.png,24/01/18 06:11,24/01/18 06:11
159,croconaw,158,81,,11,250,blue,upright,159,45,medium-slow,https://raw.githubusercontent.com/PokeAPI/sprites/master/sprites/pokemon/159.png,24/01/18 06:11,24/01/18 06:11
160,feraligatr,159,81,32,23,888,blue,upright,160,45,medium-slow,https://raw.githubusercontent.com/PokeAPI/sprites/master/sprites/pokemon/160.png,24/01/18 06:11,24/01/18 06:11
161,sentret,,82,42,8,60,brown,quadruped,161,255,medium,https://raw.githubusercontent.com/PokeAPI/sprites/master/sprites/pokemon/161.png,24/01/18 06:11,24/01/18 06:11
162,furret,161,82,37,18,325,brown,quadruped,162,90,medium,https://raw.githubusercontent.com/PokeAPI/sprites/master/sprites/pokemon/162.png,24/01/18 06:11,24/01/18 06:11
163,hoothoot,,83,26,7,212,brown,wings,163,255,medium,https://raw.githubusercontent.com/PokeAPI/sprites/master/sprites/pokemon/163.png,24/01/18 06:11,24/01/18 06:11
164,noctowl,163,83,,16,408,brown,wings,164,90,medium,https://raw.githubusercontent.com/PokeAPI/sprites/master/sprites/pokemon/164.png,24/01/18 06:11,24/01/18 06:11
165,ledyba,,84,26,10,108,red,wings,165,255,fast,https://raw.githubusercontent.com/PokeAPI/sprites/master/sprites/pokemon/165.png,24/01/18 06:11,24/01/18 06:11
166,ledian,165,84,30,14,356,red,wings,166,90,fast,https://raw.githubusercontent.com/PokeAPI/sprites/master/sprites/pokemon/166.png,24/01/18 06:11,24/01/18 06:11
167,spinarak,,85,40,5,85,green,armor,167,255,fast,https://raw.githubusercontent.com/PokeAPI/sprites/master/sprites/pokemon/167.png,24/01/18 06:11,24/01/18 06:11
168,ariados,167,85,33,11,335,red,armor,168,90,fast,https://raw.githubusercontent.com/PokeAPI/sprites/master/sprites/pokemon/168.png,24/01/18 06:11,24/01/18 06:11
169,crobat,42,17,32,18,750,purple,bug-wings,169,90,medium,https://raw.githubusercontent.com/PokeAPI/sprites/master/sprites/pokemon/169.png,24/01/18 06:11,24/01/18 06:11
170,chinchou,,86,35,5,120,blue,fish,170,190,slow,https://raw.githubusercontent.com/PokeAPI/sprites/master/sprites/pokemon/170.png,24/01/18 06:11,24/01/18 06:11
171,lanturn,170,86,45,12,225,blue,fish,171,75,slow,https://raw.githubusercontent.com/PokeAPI/sprites/master/sprites/pokemon/171.png,24/01/18 06:11,24/01/18 06:11
172,pichu,,10,32,3,20,yellow,quadruped,172,190,medium,https://raw.githubusercontent.com/PokeAPI/sprites/master/sprites/pokemon/172.png,24/01/18 06:11,24/01/18 06:11
173,cleffa,,14,35,3,30,pink,upright,173,150,fast,https://raw.githubusercontent.com/PokeAPI/sprites/master/sprites/pokemon/173.png,24/01/18 06:11,24/01/18 06:11
174,igglybuff,,16,30,3,10,pink,humanoid,174,170,fast,https://raw.githubusercontent.com/PokeAPI/sprites/master/sprites/pokemon/174.png,24/01/18 06:11,24/01/18 06:11
175,togepi,,87,30,3,15,white,humanoid,175,190,fast,https://raw.githubusercontent.com/PokeAPI/sprites/master/sprites/pokemon/175.png,24/01/18 06:11,24/01/18 06:11
176,togetic,175,87,36,6,32,white,humanoid,176,75,fast,https://raw.githubusercontent.com/PokeAPI/sprites/master/sprites/pokemon/176.png,24/01/18 06:11,24/01/18 06:11
177,natu,,88,40,2,20,green,wings,177,190,medium,https://raw.githubusercontent.com/PokeAPI/sprites/master/sprites/pokemon/177.png,24/01/18 06:11,24/01/18 06:11
178,xatu,177,88,40,15,150,green,wings,178,75,medium,https://raw.githubusercontent.com/PokeAPI/sprites/master/sprites/pokemon/178.png,24/01/18 06:11,24/01/18 06:11
179,mareep,,89,,6,78,white,quadruped,179,235,medium-slow,https://raw.githubusercontent.com/PokeAPI/sprites/master/sprites/pokemon/179.png,24/01/18 06:11,24/01/18 06:11
180,flaaffy,179,89,37,8,133,pink,upright,180,120,medium-slow,https://raw.githubusercontent.com/PokeAPI/sprites/master/sprites/pokemon/180.png,24/01/18 06:11,24/01/18 06:11
181,ampharos,180,89,37,14,615,yellow,upright,181,45,medium-slow,https://raw.githubusercontent.com/PokeAPI/sprites/master/sprites/pokemon/181.png,24/01/18 06:11,24/01/18 06:11
182,bellossom,44,18,,4,58,green,humanoid,182,45,medium-slow,https://raw.githubusercontent.com/PokeAPI/sprites/master/sprites/pokemon/182.png,24/01/18 06:11,24/01/18 06:11
183,marill,298,90,42,4,85,blue,upright,183,190,fast,https://raw.githubusercontent.com/PokeAPI/sprites/master/sprites/pokemon/183.png,24/01/18 06:11,24/01/18 06:11
184,azumarill,183,90,32,8,285,blue,upright,184,75,fast,https://raw.githubusercontent.com/PokeAPI/sprites/master/sprites/pokemon/184.png,24/01/18 06:11,24/01/18 06:11
185,sudowoodo,438,91,44,12,380,brown,humanoid,185,65,medium,https://raw.githubusercontent.com/PokeAPI/sprites/master/sprites/pokemon/185.png,24/01/18 06:11,24/01/18 06:11
186,politoed,61,26,,11,339,green,humanoid,186,45,medium-slow,https://raw.githubusercontent.com/PokeAPI/sprites/master/sprites/pokemon/186.png,24/01/18 06:11,24/01/18 06:11
187,hoppip,,92,,4,5,pink,upright,187,255,medium-slow,https://raw.githubusercontent.com/PokeAPI/sprites/master/sprites/pokemon/187.png,24/01/18 06:11,24/01/18 06:11
188,skiploom,187,92,30,6,10,green,upright,188,120,medium-slow,https://raw.githubusercontent.com/PokeAPI/sprites/master/sprites/pokemon/188.png,24/01/18 06:11,24/01/18 06:11
189,jumpluff,188,92,50,8,30,blue,upright,189,45,medium-slow,https://raw.githubusercontent.com/PokeAPI/sprites/master/sprites/pokemon/189.png,24/01/18 06:11,24/01/18 06:11
190,aipom,,93,20,8,115,purple,upright,190,45,fast,https://raw.githubusercontent.com/PokeAPI/sprites/master/sprites/pokemon/190.png,24/01/18 06:11,24/01/18 06:11
191,sunkern,,94,45,3,18,yellow,ball,191,235,medium-slow,https://raw.githubusercontent.com/PokeAPI/sprites/master/sprites/pokemon/191.png,24/01/18 06:11,24/01/18 06:11
192,sunflora,191,94,18,8,85,yellow,humanoid,192,120,medium-slow,https://raw.githubusercontent.com/PokeAPI/sprites/master/sprites/pokemon/192.png,24/01/18 06:11,24/01/18 06:11
193,yanma,,95,32,12,380,red,bug-wings,193,75,medium,https://raw.githubusercontent.com/PokeAPI/sprites/master/sprites/pokemon/193.png,24/01/18 06:11,24/01/18 06:11
194,wooper,,96,14,4,85,blue,legs,194,255,medium,https://raw.githubusercontent.com/PokeAPI/sprites/master/sprites/pokemon/194.png,24/01/18 06:11,24/01/18 06:11
195,quagsire,194,96,36,14,750,blue,upright,195,90,medium,https://raw.githubusercontent.com/PokeAPI/sprites/master/sprites/pokemon/195.png,24/01/18 06:11,24/01/18 06:11
196,espeon,133,67,16,9,265,purple,quadruped,196,45,medium,https://raw.githubusercontent.com/PokeAPI/sprites/master/sprites/pokemon/196.png,24/01/18 06:11,24/01/18 06:11
197,umbreon,133,67,36,10,270,black,quadruped,197,45,medium,https://raw.githubusercontent.com/PokeAPI/sprites/master/sprites/pokemon/197.png,24/01/18 06:11,24/01/18 06:11
198,murkrow,,97,14,5,21,black,wings,198,30,medium-slow,https://raw.githubusercontent.com/PokeAPI/sprites/master/sprites/pokemon/198.png,24/01/18 06:11,24/01/18 06:11
199,slowking,79,33,34,20,795,pink,upright,199,70,medium,https://raw.githubusercontent.com/PokeAPI/sprites/master/sprites/pokemon/199.png,24/01/18 06:11,24/01/18 06:11
200,misdreavus,,98,15,7,10,gray,ball,200,45,fast,https://raw.githubusercontent.com/PokeAPI/sprites/master/sprites/pokemon/200.png,24/01/18 06:11,24/01/18 06:11
201,unown,,99,10,5,50,black,ball,201,225,medium,https://raw.githubusercontent.com/PokeAPI/sprites/master/sprites/pokemon/201.png,24/01/18 06:11,24/01/18 06:11
202,wobbuffet,360,100,15,13,285,blue,blob,202,45,medium,https://raw.githubusercontent.com/PokeAPI/sprites/master/sprites/pokemon/202.png,24/01/18 06:11,24/01/18 06:11
203,girafarig,,101,30,15,415,yellow,quadruped,203,60,medium,https://raw.githubusercontent.com/PokeAPI/sprites/master/sprites/pokemon/203.png,24/01/18 06:11,24/01/18 06:11
204,pineco,,102,,6,72,gray,ball,204,190,medium,https://raw.githubusercontent.com/PokeAPI/sprites/master/sprites/pokemon/204.png,24/01/18 06:11,24/01/18 06:11
205,forretress,204,102,30,12,1258,purple,ball,205,75,medium,https://raw.githubusercontent.com/PokeAPI/sprites/master/sprites/pokemon/205.png,24/01/18 06:11,24/01/18 06:11
206,dunsparce,,103,30,15,140,yellow,squiggle,206,190,medium,https://raw.githubusercontent.com/PokeAPI/sprites/master/sprites/pokemon/206.png,24/01/18 06:11,24/01/18 06:11
207,gligar,,104,20,11,648,purple,wings,207,60,medium-slow,https://raw.githubusercontent.com/PokeAPI/sprites/master/sprites/pokemon/207.png,24/01/18 06:11,24/01/18 06:11
208,steelix,95,41,20,92,4000,gray,squiggle,208,25,medium,https://raw.githubusercontent.com/PokeAPI/sprites/master/sprites/pokemon/208.png,24/01/18 06:11,24/01/18 06:11
209,snubbull,,105,21,6,78,pink,humanoid,209,190,fast,https://raw.githubusercontent.com/PokeAPI/sprites/master/sprites/pokemon/209.png,24/01/18 06:11,24/01/18 06:11
210,granbull,209,105,26,14,487,purple,upright,210,75,fast,https://raw.githubusercontent.com/PokeAPI/sprites/master/sprites/pokemon/210.png,24/01/18 06:11,24/01/18 06:11
211,qwilfish,,106,25,5,39,gray,fish,211,45,medium,https://raw.githubusercontent.com/PokeAPI/sprites/master/sprites/pokemon/211.png,24/01/18 06:11,24/01/18 06:11
212,scizor,123,58,30,18,1180,red,bug-wings,212,25,medium,https://raw.githubusercontent.com/PokeAPI/sprites/master/sprites/pokemon/212.png,24/01/18 06:11,24/01/18 06:11
213,shuckle,,107,,6,205,yellow,armor,213,190,medium-slow,https://raw.githubusercontent.com/PokeAPI/sprites/master/sprites/pokemon/213.png,24/01/18 06:11,24/01/18 06:11
214,heracross,,108,28,15,540,blue,humanoid,214,45,slow,https://raw.githubusercontent.com/PokeAPI/sprites/master/sprites/pokemon/214.png,24/01/18 06:11,24/01/18 06:11
215,sneasel,,109,,9,280,black,upright,215,60,medium-slow,https://raw.githubusercontent.com/PokeAPI/sprites/master/sprites/pokemon/215.png,24/01/18 06:11,24/01/18 06:11
216,teddiursa,,110,,6,88,brown,upright,216,120,medium,https://raw.githubusercontent.com/PokeAPI/sprites/master/sprites/pokemon/216.png,24/01/18 06:11,24/01/18 06:11
217,ursaring,216,110,,18,1258,brown,upright,217,60,medium,https://raw.githubusercontent.com/PokeAPI/sprites/master/sprites/pokemon/217.png,24/01/18 06:11,24/01/18 06:11
218,slugma,,111,38,7,350,red,squiggle,218,190,medium,https://raw.githubusercontent.com/PokeAPI/sprites/master/sprites/pokemon/218.png,24/01/18 06:11,24/01/18 06:11
219,magcargo,218,111,34,8,550,red,squiggle,219,75,medium,https://raw.githubusercontent.com/PokeAPI/sprites/master/sprites/pokemon/219.png,24/01/18 06:11,24/01/18 06:11
220,swinub,,112,33,4,65,brown,quadruped,220,225,slow,https://raw.githubusercontent.com/PokeAPI/sprites/master/sprites/pokemon/220.png,24/01/18 06:11,24/01/18 06:11
221,piloswine,220,112,24,11,558,brown,quadruped,221,75,slow,https://raw.githubusercontent.com/PokeAPI/sprites/master/sprites/pokemon/221.png,24/01/18 06:11,24/01/18 06:11
222,corsola,,113,48,6,50,pink,armor,222,60,fast,https://raw.githubusercontent.com/PokeAPI/sprites/master/sprites/pokemon/222.png,24/01/18 06:11,24/01/18 06:11
223,remoraid,,114,,6,120,gray,fish,223,190,medium,https://raw.githubusercontent.com/PokeAPI/sprites/master/sprites/pokemon/223.png,24/01/18 06:11,24/01/18 06:11
224,octillery,223,114,34,9,285,red,tentacles,224,75,medium,https://raw.githubusercontent.com/PokeAPI/sprites/master/sprites/pokemon/224.png,24/01/18 06:11,24/01/18 06:11
225,delibird,,115,40,9,160,red,wings,225,45,fast,https://raw.githubusercontent.com/PokeAPI/sprites/master/sprites/pokemon/225.png,24/01/18 06:11,24/01/18 06:11
226,mantine,458,116,37,21,2200,purple,wings,226,25,slow,https://raw.githubusercontent.com/PokeAPI/sprites/master/sprites/pokemon/226.png,24/01/18 06:11,24/01/18 06:11
227,skarmory,,117,31,17,505,gray,wings,227,25,slow,https://raw.githubusercontent.com/PokeAPI/sprites/master/sprites/pokemon/227.png,24/01/18 06:11,24/01/18 06:11
228,houndour,,118,40,6,108,black,quadruped,228,120,slow,https://raw.githubusercontent.com/PokeAPI/sprites/master/sprites/pokemon/228.png,24/01/18 06:11,24/01/18 06:11
229,houndoom,228,118,,14,350,black,quadruped,229,45,slow,https://raw.githubusercontent.com/PokeAPI/sprites/master/sprites/pokemon/229.png,24/01/18 06:11,24/01/18 06:11
230,kingdra,117,54,,18,1520,blue,blob,230,45,medium,https://raw.githubusercontent.com/PokeAPI/sprites/master/sprites/pokemon/230.png,24/01/18 06:11,24/01/18 06:11
231,phanpy,,119,,5,335,blue,quadruped,231,120,medium,https://raw.githubusercontent.com/PokeAPI/sprites/master/sprites/pokemon/231.png,24/01/18 06:11,24/01/18 06:11
232,donphan,231,119,,11,1200,gray,quadruped,232,60,medium,https://raw.githubusercontent.com/PokeAPI/sprites/master/sprites/pokemon/232.png,24/01/18 06:11,24/01/18 06:11
233,porygon2,137,68,,6,325,red,legs,233,45,medium,https://raw.githubusercontent.com/PokeAPI/sprites/master/sprites/pokemon/233.png,24/01/18 06:11,24/01/18 06:11
234,stantler,,120,,14,712,brown,quadruped,234,45,slow,https://raw.githubusercontent.com/PokeAPI/sprites/master/sprites/pokemon/234.png,24/01/18 06:11,24/01/18 06:11
235,smeargle,,121,,12,580,white,upright,235,45,fast,https://raw.githubusercontent.com/PokeAPI/sprites/master/sprites/pokemon/235.png,24/01/18 06:11,24/01/18 06:11
236,tyrogue,,47,,7,210,purple,humanoid,236,75,medium,https://raw.githubusercontent.com/PokeAPI/sprites/master/sprites/pokemon/236.png,24/01/18 06:11,24/01/18 06:11
237,hitmontop,236,47,,14,480,brown,upright,237,45,medium,https://raw.githubusercontent.com/PokeAPI/sprites/master/sprites/pokemon/237.png,24/01/18 06:11,24/01/18 06:11
238,smoochum,,59,,4,60,pink,humanoid,238,45,medium,https://raw.githubusercontent.com/PokeAPI/sprites/master/sprites/pokemon/238.png,24/01/18 06:11,24/01/18 06:11
239,elekid,,60,,6,235,yellow,humanoid,239,45,medium,https://raw.githubusercontent.com/PokeAPI/sprites/master/sprites/pokemon/239.png,24/01/18 06:11,24/01/18 06:11
240,magby,,61,,7,214,red,upright,240,45,medium,https://raw.githubusercontent.com/PokeAPI/sprites/master/sprites/pokemon/240.png,24/01/18 06:11,24/01/18 06:11
241,miltank,,122,,12,755,pink,upright,241,45,slow,https://raw.githubusercontent.com/PokeAPI/sprites/master/sprites/pokemon/241.png,24/01/18 06:11,24/01/18 06:11
242,blissey,113,51,,15,468,pink,humanoid,242,30,fast,https://raw.githubusercontent.com/PokeAPI/sprites/master/sprites/pokemon/242.png,24/01/18 06:11,24/01/18 06:11
243,raikou,,123,,19,1780,yellow,quadruped,243,3,slow,https://raw.githubusercontent.com/PokeAPI/sprites/master/sprites/pokemon/243.png,24/01/18 06:11,24/01/18 06:11
244,entei,,124,,21,1980,brown,quadruped,244,3,slow,https://raw.githubusercontent.com/PokeAPI/sprites/master/sprites/pokemon/244.png,24/01/18 06:11,24/01/18 06:11
245,suicune,,125,,20,1870,blue,quadruped,245,3,slow,https://raw.githubusercontent.com/PokeAPI/sprites/master/sprites/pokemon/245.png,24/01/18 06:11,24/01/18 06:11
246,larvitar,,126,,6,720,green,upright,246,45,slow,https://raw.githubusercontent.com/PokeAPI/sprites/master/sprites/pokemon/246.png,24/01/18 06:11,24/01/18 06:11
247,pupitar,246,126,17,12,1520,gray,squiggle,247,45,slow,https://raw.githubusercontent.com/PokeAPI/sprites/master/sprites/pokemon/247.png,24/01/18 06:11,24/01/18 06:11
248,tyranitar,247,126,36,20,2020,green,upright,248,45,slow,https://raw.githubusercontent.com/PokeAPI/sprites/master/sprites/pokemon/248.png,24/01/18 06:11,24/01/18 06:11
249,lugia,,127,17,52,2160,white,wings,249,3,slow,https://raw.githubusercontent.com/PokeAPI/sprites/master/sprites/pokemon/249.png,24/01/18 06:11,24/01/18 06:11
250,ho-oh,,128,36,38,1990,red,wings,250,3,slow,https://raw.githubusercontent.com/PokeAPI/sprites/master/sprites/pokemon/250.png,24/01/18 06:11,24/01/18 06:11
251,celebi,,129,17,6,50,green,humanoid,251,45,medium-slow,https://raw.githubusercontent.com/PokeAPI/sprites/master/sprites/pokemon/251.png,24/01/18 06:11,24/01/18 06:11
252,treecko,,130,36,5,50,green,upright,252,45,medium-slow,https://raw.githubusercontent.com/PokeAPI/sprites/master/sprites/pokemon/252.png,24/01/18 06:11,24/01/18 06:11
253,grovyle,252,130,20,9,216,green,upright,253,45,medium-slow,https://raw.githubusercontent.com/PokeAPI/sprites/master/sprites/pokemon/253.png,24/01/18 06:11,24/01/18 06:11
254,sceptile,253,130,16,17,522,green,upright,254,45,medium-slow,https://raw.githubusercontent.com/PokeAPI/sprites/master/sprites/pokemon/254.png,24/01/18 06:11,24/01/18 06:11
255,torchic,,131,32,4,25,red,legs,255,45,medium-slow,https://raw.githubusercontent.com/PokeAPI/sprites/master/sprites/pokemon/255.png,24/01/18 06:11,24/01/18 06:11
256,combusken,255,131,20,9,195,red,upright,256,45,medium-slow,https://raw.githubusercontent.com/PokeAPI/sprites/master/sprites/pokemon/256.png,24/01/18 06:11,24/01/18 06:11
257,blaziken,256,131,,19,520,red,upright,257,45,medium-slow,https://raw.githubusercontent.com/PokeAPI/sprites/master/sprites/pokemon/257.png,24/01/18 06:11,24/01/18 06:11
258,mudkip,,132,,4,76,blue,quadruped,258,45,medium-slow,https://raw.githubusercontent.com/PokeAPI/sprites/master/sprites/pokemon/258.png,24/01/18 06:11,24/01/18 06:11
259,marshtomp,258,132,,7,280,blue,upright,259,45,medium-slow,https://raw.githubusercontent.com/PokeAPI/sprites/master/sprites/pokemon/259.png,24/01/18 06:11,24/01/18 06:11
260,swampert,259,132,,15,819,blue,upright,260,45,medium-slow,https://raw.githubusercontent.com/PokeAPI/sprites/master/sprites/pokemon/260.png,24/01/18 06:11,24/01/18 06:11
261,poochyena,,133,21,5,136,gray,quadruped,261,255,medium,https://raw.githubusercontent.com/PokeAPI/sprites/master/sprites/pokemon/261.png,24/01/18 06:11,24/01/18 06:11
262,mightyena,261,133,32,10,370,gray,quadruped,262,127,medium,https://raw.githubusercontent.com/PokeAPI/sprites/master/sprites/pokemon/262.png,24/01/18 06:11,24/01/18 06:11
263,zigzagoon,,134,27,4,175,brown,quadruped,263,255,medium,https://raw.githubusercontent.com/PokeAPI/sprites/master/sprites/pokemon/263.png,24/01/18 06:11,24/01/18 06:11
264,linoone,263,134,25,5,325,white,quadruped,264,90,medium,https://raw.githubusercontent.com/PokeAPI/sprites/master/sprites/pokemon/264.png,24/01/18 06:11,24/01/18 06:11
265,wurmple,,135,,3,36,red,armor,265,255,medium,https://raw.githubusercontent.com/PokeAPI/sprites/master/sprites/pokemon/265.png,24/01/18 06:11,24/01/18 06:11
266,silcoon,265,135,,6,100,white,ball,266,120,medium,https://raw.githubusercontent.com/PokeAPI/sprites/master/sprites/pokemon/266.png,24/01/18 06:11,24/01/18 06:11
267,beautifly,266,135,31,10,284,yellow,bug-wings,267,45,medium,https://raw.githubusercontent.com/PokeAPI/sprites/master/sprites/pokemon/267.png,24/01/18 06:11,24/01/18 06:11
268,cascoon,265,135,25,7,115,purple,ball,268,120,medium,https://raw.githubusercontent.com/PokeAPI/sprites/master/sprites/pokemon/268.png,24/01/18 06:11,24/01/18 06:11
269,dustox,268,135,,12,316,green,bug-wings,269,45,medium,https://raw.githubusercontent.com/PokeAPI/sprites/master/sprites/pokemon/269.png,24/01/18 06:11,24/01/18 06:11
270,lotad,,136,25,5,26,green,armor,270,255,medium-slow,https://raw.githubusercontent.com/PokeAPI/sprites/master/sprites/pokemon/270.png,24/01/18 06:11,24/01/18 06:11
271,lombre,270,136,36,12,325,green,humanoid,271,120,medium-slow,https://raw.githubusercontent.com/PokeAPI/sprites/master/sprites/pokemon/271.png,24/01/18 06:11,24/01/18 06:11
272,ludicolo,271,136,20,15,550,green,humanoid,272,45,medium-slow,https://raw.githubusercontent.com/PokeAPI/sprites/master/sprites/pokemon/272.png,24/01/18 06:11,24/01/18 06:11
273,seedot,,137,,5,40,brown,legs,273,255,medium-slow,https://raw.githubusercontent.com/PokeAPI/sprites/master/sprites/pokemon/273.png,24/01/18 06:11,24/01/18 06:11
274,nuzleaf,273,137,22,10,280,brown,humanoid,274,120,medium-slow,https://raw.githubusercontent.com/PokeAPI/sprites/master/sprites/pokemon/274.png,24/01/18 06:11,24/01/18 06:11
275,shiftry,274,137,30,13,596,brown,humanoid,275,45,medium-slow,https://raw.githubusercontent.com/PokeAPI/sprites/master/sprites/pokemon/275.png,24/01/18 06:11,24/01/18 06:11
276,taillow,,138,,3,23,blue,wings,276,200,medium-slow,https://raw.githubusercontent.com/PokeAPI/sprites/master/sprites/pokemon/276.png,24/01/18 06:11,24/01/18 06:11
277,swellow,276,138,,7,198,blue,wings,277,45,medium-slow,https://raw.githubusercontent.com/PokeAPI/sprites/master/sprites/pokemon/277.png,24/01/18 06:11,24/01/18 06:11
278,wingull,,139,29,6,95,white,wings,278,190,medium,https://raw.githubusercontent.com/PokeAPI/sprites/master/sprites/pokemon/278.png,24/01/18 06:11,24/01/18 06:11
279,pelipper,278,139,40,12,280,yellow,wings,279,45,medium,https://raw.githubusercontent.com/PokeAPI/sprites/master/sprites/pokemon/279.png,24/01/18 06:11,24/01/18 06:11
280,ralts,,140,35,4,66,white,humanoid,280,235,slow,https://raw.githubusercontent.com/PokeAPI/sprites/master/sprites/pokemon/280.png,24/01/18 06:11,24/01/18 06:11
281,kirlia,280,140,34,8,202,white,humanoid,281,120,slow,https://raw.githubusercontent.com/PokeAPI/sprites/master/sprites/pokemon/281.png,24/01/18 06:11,24/01/18 06:11
282,gardevoir,281,140,39,16,484,white,humanoid,282,45,slow,https://raw.githubusercontent.com/PokeAPI/sprites/master/sprites/pokemon/282.png,24/01/18 06:11,24/01/18 06:11
283,surskit,,141,34,5,17,blue,armor,283,200,medium,https://raw.githubusercontent.com/PokeAPI/sprites/master/sprites/pokemon/283.png,24/01/18 06:11,24/01/18 06:11
284,masquerain,283,141,37,8,36,blue,bug-wings,284,75,medium,https://raw.githubusercontent.com/PokeAPI/sprites/master/sprites/pokemon/284.png,24/01/18 06:11,24/01/18 06:11
285,shroomish,,142,37,4,45,brown,legs,285,255,fast-then-very-slow,https://raw.githubusercontent.com/PokeAPI/sprites/master/sprites/pokemon/285.png,24/01/18 06:11,24/01/18 06:11
286,breloom,285,142,36,12,392,green,upright,286,90,fast-then-very-slow,https://raw.githubusercontent.com/PokeAPI/sprites/master/sprites/pokemon/286.png,24/01/18 06:11,24/01/18 06:11
287,slakoth,,143,30,8,240,brown,quadruped,287,255,slow,https://raw.githubusercontent.com/PokeAPI/sprites/master/sprites/pokemon/287.png,24/01/18 06:11,24/01/18 06:11
288,vigoroth,287,143,,14,465,white,upright,288,120,slow,https://raw.githubusercontent.com/PokeAPI/sprites/master/sprites/pokemon/288.png,24/01/18 06:11,24/01/18 06:11
289,slaking,288,143,32,20,1305,brown,humanoid,289,45,slow,https://raw.githubusercontent.com/PokeAPI/sprites/master/sprites/pokemon/289.png,24/01/18 06:11,24/01/18 06:11
290,nincada,,144,41,5,55,gray,armor,290,255,slow-then-very-fast,https://raw.githubusercontent.com/PokeAPI/sprites/master/sprites/pokemon/290.png,24/01/18 06:11,24/01/18 06:11
291,ninjask,290,144,32,8,120,yellow,bug-wings,291,120,slow-then-very-fast,https://raw.githubusercontent.com/PokeAPI/sprites/master/sprites/pokemon/291.png,24/01/18 06:11,24/01/18 06:11
292,shedinja,290,144,41,8,12,brown,blob,292,45,slow-then-very-fast,https://raw.githubusercontent.com/PokeAPI/sprites/master/sprites/pokemon/292.png,24/01/18 06:11,24/01/18 06:11
293,whismur,,145,35,6,163,pink,upright,293,190,medium-slow,https://raw.githubusercontent.com/PokeAPI/sprites/master/sprites/pokemon/293.png,24/01/18 06:11,24/01/18 06:11
294,loudred,293,145,35,10,405,blue,upright,294,120,medium-slow,https://raw.githubusercontent.com/PokeAPI/sprites/master/sprites/pokemon/294.png,24/01/18 06:11,24/01/18 06:11
295,exploud,294,145,47,15,840,blue,upright,295,45,medium-slow,https://raw.githubusercontent.com/PokeAPI/sprites/master/sprites/pokemon/295.png,24/01/18 06:11,24/01/18 06:11
296,makuhita,,146,34,10,864,yellow,humanoid,296,180,fast-then-very-slow,https://raw.githubusercontent.com/PokeAPI/sprites/master/sprites/pokemon/296.png,24/01/18 06:11,24/01/18 06:11
297,hariyama,296,146,,23,2538,brown,humanoid,297,200,fast-then-very-slow,https://raw.githubusercontent.com/PokeAPI/sprites/master/sprites/pokemon/297.png,24/01/18 06:11,24/01/18 06:11
298,azurill,,90,39,2,20,blue,legs,298,150,fast,https://raw.githubusercontent.com/PokeAPI/sprites/master/sprites/pokemon/298.png,24/01/18 06:11,24/01/18 06:11
299,nosepass,,147,40,10,970,gray,humanoid,299,255,medium,https://raw.githubusercontent.com/PokeAPI/sprites/master/sprites/pokemon/299.png,24/01/18 06:11,24/01/18 06:11
300,skitty,,148,36,6,110,pink,quadruped,300,255,fast,https://raw.githubusercontent.com/PokeAPI/sprites/master/sprites/pokemon/300.png,24/01/18 06:11,24/01/18 06:11
301,delcatty,300,148,40,11,326,purple,quadruped,301,60,fast,https://raw.githubusercontent.com/PokeAPI/sprites/master/sprites/pokemon/301.png,24/01/18 06:11,24/01/18 06:11
302,sableye,,149,38,5,110,purple,humanoid,302,45,medium-slow,https://raw.githubusercontent.com/PokeAPI/sprites/master/sprites/pokemon/302.png,24/01/18 06:11,24/01/18 06:11
303,mawile,,150,49,6,115,black,humanoid,303,45,fast,https://raw.githubusercontent.com/PokeAPI/sprites/master/sprites/pokemon/303.png,24/01/18 06:11,24/01/18 06:11
304,aron,,151,39,4,600,gray,quadruped,304,180,slow,https://raw.githubusercontent.com/PokeAPI/sprites/master/sprites/pokemon/304.png,24/01/18 06:11,24/01/18 06:11
305,lairon,304,151,,9,1200,gray,quadruped,305,90,slow,https://raw.githubusercontent.com/PokeAPI/sprites/master/sprites/pokemon/305.png,24/01/18 06:11,24/01/18 06:11
306,aggron,305,151,42,21,3600,gray,upright,306,45,slow,https://raw.githubusercontent.com/PokeAPI/sprites/master/sprites/pokemon/306.png,24/01/18 06:11,24/01/18 06:11
307,meditite,,152,41,6,112,blue,humanoid,307,180,medium,https://raw.githubusercontent.com/PokeAPI/sprites/master/sprites/pokemon/307.png,24/01/18 06:11,24/01/18 06:11
308,medicham,307,152,,13,315,red,humanoid,308,90,medium,https://raw.githubusercontent.com/PokeAPI/sprites/master/sprites/pokemon/308.png,24/01/18 06:11,24/01/18 06:11
309,electrike,,153,38,6,152,green,quadruped,309,120,slow,https://raw.githubusercontent.com/PokeAPI/sprites/master/sprites/pokemon/309.png,24/01/18 06:11,24/01/18 06:11
310,manectric,309,153,48,15,402,yellow,quadruped,310,45,slow,https://raw.githubusercontent.com/PokeAPI/sprites/master/sprites/pokemon/310.png,24/01/18 06:11,24/01/18 06:11
311,plusle,,154,37,4,42,yellow,upright,311,200,medium,https://raw.githubusercontent.com/PokeAPI/sprites/master/sprites/pokemon/311.png,24/01/18 06:11,24/01/18 06:11
312,minun,,155,,4,42,yellow,upright,312,200,medium,https://raw.githubusercontent.com/PokeAPI/sprites/master/sprites/pokemon/312.png,24/01/18 06:11,24/01/18 06:11
313,volbeat,,156,50,7,177,gray,upright,313,150,slow-then-very-fast,https://raw.githubusercontent.com/PokeAPI/sprites/master/sprites/pokemon/313.png,24/01/18 06:11,24/01/18 06:11
314,illumise,,157,43,6,177,purple,humanoid,314,150,fast-then-very-slow,https://raw.githubusercontent.com/PokeAPI/sprites/master/sprites/pokemon/314.png,24/01/18 06:11,24/01/18 06:11
315,roselia,406,158,52,3,20,green,humanoid,315,150,medium-slow,https://raw.githubusercontent.com/PokeAPI/sprites/master/sprites/pokemon/315.png,24/01/18 06:11,24/01/18 06:11
316,gulpin,,159,54,4,103,green,arms,316,225,fast-then-very-slow,https://raw.githubusercontent.com/PokeAPI/sprites/master/sprites/pokemon/316.png,24/01/18 06:11,24/01/18 06:11
317,swalot,316,159,54,17,800,purple,arms,317,75,fast-then-very-slow,https://raw.githubusercontent.com/PokeAPI/sprites/master/sprites/pokemon/317.png,24/01/18 06:11,24/01/18 06:11
318,carvanha,,160,50,8,208,red,fish,318,225,slow,https://raw.githubusercontent.com/PokeAPI/sprites/master/sprites/pokemon/318.png,24/01/18 06:11,24/01/18 06:11
319,sharpedo,318,160,64,18,888,blue,fish,319,60,slow,https://raw.githubusercontent.com/PokeAPI/sprites/master/sprites/pokemon/319.png,24/01/18 06:11,24/01/18 06:11
320,wailmer,,161,59,20,1300,blue,fish,320,125,fast-then-very-slow,https://raw.githubusercontent.com/PokeAPI/sprites/master/sprites/pokemon/320.png,24/01/18 06:11,24/01/18 06:11
321,wailord,320,161,,145,3980,blue,fish,321,60,fast-then-very-slow,https://raw.githubusercontent.com/PokeAPI/sprites/master/sprites/pokemon/321.png,24/01/18 06:11,24/01/18 06:11
322,numel,,162,,7,240,yellow,quadruped,322,255,medium,https://raw.githubusercontent.com/PokeAPI/sprites/master/sprites/pokemon/322.png,24/01/18 06:11,24/01/18 06:11
323,camerupt,322,162,,19,2200,red,quadruped,323,150,medium,https://raw.githubusercontent.com/PokeAPI/sprites/master/sprites/pokemon/323.png,24/01/18 06:11,24/01/18 06:11
324,torkoal,,163,,5,804,brown,quadruped,324,90,medium,https://raw.githubusercontent.com/PokeAPI/sprites/master/sprites/pokemon/324.png,24/01/18 06:11,24/01/18 06:11
325,spoink,,164,,7,306,black,arms,325,255,fast,https://raw.githubusercontent.com/PokeAPI/sprites/master/sprites/pokemon/325.png,24/01/18 06:11,24/01/18 06:11
326,grumpig,325,164,,9,715,purple,upright,326,60,fast,https://raw.githubusercontent.com/PokeAPI/sprites/master/sprites/pokemon/326.png,24/01/18 06:11,24/01/18 06:11
327,spinda,,165,17,11,50,brown,upright,327,255,fast,https://raw.githubusercontent.com/PokeAPI/sprites/master/sprites/pokemon/327.png,24/01/18 06:11,24/01/18 06:11
328,trapinch,,166,,7,150,brown,armor,328,255,medium-slow,https://raw.githubusercontent.com/PokeAPI/sprites/master/sprites/pokemon/328.png,24/01/18 06:11,24/01/18 06:11
329,vibrava,328,166,35,11,153,green,bug-wings,329,120,medium-slow,https://raw.githubusercontent.com/PokeAPI/sprites/master/sprites/pokemon/329.png,24/01/18 06:11,24/01/18 06:11
330,flygon,329,166,16,20,820,green,wings,330,45,medium-slow,https://raw.githubusercontent.com/PokeAPI/sprites/master/sprites/pokemon/330.png,24/01/18 06:11,24/01/18 06:11
331,cacnea,,167,30,4,513,green,humanoid,331,190,medium-slow,https://raw.githubusercontent.com/PokeAPI/sprites/master/sprites/pokemon/331.png,24/01/18 06:11,24/01/18 06:11
332,cacturne,331,167,36,13,774,green,humanoid,332,60,medium-slow,https://raw.githubusercontent.com/PokeAPI/sprites/master/sprites/pokemon/332.png,24/01/18 06:11,24/01/18 06:11
333,swablu,,168,16,4,12,blue,wings,333,255,slow-then-very-fast,https://raw.githubusercontent.com/PokeAPI/sprites/master/sprites/pokemon/333.png,24/01/18 06:11,24/01/18 06:11
334,altaria,333,168,37,11,206,blue,wings,334,45,slow-then-very-fast,https://raw.githubusercontent.com/PokeAPI/sprites/master/sprites/pokemon/334.png,24/01/18 06:11,24/01/18 06:11
335,zangoose,,169,36,13,403,white,upright,335,90,slow-then-very-fast,https://raw.githubusercontent.com/PokeAPI/sprites/master/sprites/pokemon/335.png,24/01/18 06:11,24/01/18 06:11
336,seviper,,170,16,27,525,black,squiggle,336,90,fast-then-very-slow,https://raw.githubusercontent.com/PokeAPI/sprites/master/sprites/pokemon/336.png,24/01/18 06:11,24/01/18 06:11
337,lunatone,,171,36,10,1680,yellow,ball,337,45,fast,https://raw.githubusercontent.com/PokeAPI/sprites/master/sprites/pokemon/337.png,24/01/18 06:11,24/01/18 06:11
338,solrock,,172,35,12,1540,red,ball,338,45,fast,https://raw.githubusercontent.com/PokeAPI/sprites/master/sprites/pokemon/338.png,24/01/18 06:11,24/01/18 06:11
339,barboach,,173,40,4,19,gray,fish,339,190,medium,https://raw.githubusercontent.com/PokeAPI/sprites/master/sprites/pokemon/339.png,24/01/18 06:11,24/01/18 06:11
340,whiscash,339,173,12,9,236,blue,fish,340,75,medium,https://raw.githubusercontent.com/PokeAPI/sprites/master/sprites/pokemon/340.png,24/01/18 06:11,24/01/18 06:11
341,corphish,,174,9,6,115,red,armor,341,205,fast-then-very-slow,https://raw.githubusercontent.com/PokeAPI/sprites/master/sprites/pokemon/341.png,24/01/18 06:11,24/01/18 06:11
342,crawdaunt,341,174,39,11,328,red,armor,342,155,fast-then-very-slow,https://raw.githubusercontent.com/PokeAPI/sprites/master/sprites/pokemon/342.png,24/01/18 06:11,24/01/18 06:11
343,baltoy,,175,,5,215,brown,arms,343,255,medium,https://raw.githubusercontent.com/PokeAPI/sprites/master/sprites/pokemon/343.png,24/01/18 06:11,24/01/18 06:11
344,claydol,343,175,20,15,1080,black,arms,344,90,medium,https://raw.githubusercontent.com/PokeAPI/sprites/master/sprites/pokemon/344.png,24/01/18 06:11,24/01/18 06:11
345,lileep,,176,19,10,238,purple,blob,345,45,slow-then-very-fast,https://raw.githubusercontent.com/PokeAPI/sprites/master/sprites/pokemon/345.png,24/01/18 06:11,24/01/18 06:11
346,cradily,345,176,,15,604,green,blob,346,45,slow-then-very-fast,https://raw.githubusercontent.com/PokeAPI/sprites/master/sprites/pokemon/346.png,24/01/18 06:11,24/01/18 06:11
347,anorith,,177,,7,125,gray,armor,347,45,slow-then-very-fast,https://raw.githubusercontent.com/PokeAPI/sprites/master/sprites/pokemon/347.png,24/01/18 06:11,24/01/18 06:11
348,armaldo,347,177,32,15,682,gray,upright,348,45,slow-then-very-fast,https://raw.githubusercontent.com/PokeAPI/sprites/master/sprites/pokemon/348.png,24/01/18 06:11,24/01/18 06:11
349,feebas,,178,,6,74,brown,fish,349,255,slow-then-very-fast,https://raw.githubusercontent.com/PokeAPI/sprites/master/sprites/pokemon/349.png,24/01/18 06:11,24/01/18 06:11
350,milotic,349,178,48,62,1620,pink,squiggle,350,60,slow-then-very-fast,https://raw.githubusercontent.com/PokeAPI/sprites/master/sprites/pokemon/350.png,24/01/18 06:11,24/01/18 06:11
351,castform,,179,39,3,8,gray,ball,351,45,medium,https://raw.githubusercontent.com/PokeAPI/sprites/master/sprites/pokemon/351.png,24/01/18 06:11,24/01/18 06:11
352,kecleon,,180,39,10,220,green,upright,352,200,medium-slow,https://raw.githubusercontent.com/PokeAPI/sprites/master/sprites/pokemon/352.png,24/01/18 06:11,24/01/18 06:11
353,shuppet,,181,37,6,23,black,ball,353,225,fast,https://raw.githubusercontent.com/PokeAPI/sprites/master/sprites/pokemon/353.png,24/01/18 06:11,24/01/18 06:11
354,banette,353,181,,11,125,black,upright,354,45,fast,https://raw.githubusercontent.com/PokeAPI/sprites/master/sprites/pokemon/354.png,24/01/18 06:11,24/01/18 06:11
355,duskull,,182,35,8,150,black,arms,355,190,fast,https://raw.githubusercontent.com/PokeAPI/sprites/master/sprites/pokemon/355.png,24/01/18 06:11,24/01/18 06:11
356,dusclops,355,182,32,16,306,black,humanoid,356,90,fast,https://raw.githubusercontent.com/PokeAPI/sprites/master/sprites/pokemon/356.png,24/01/18 06:11,24/01/18 06:11
357,tropius,,183,50,20,1000,green,quadruped,357,200,slow,https://raw.githubusercontent.com/PokeAPI/sprites/master/sprites/pokemon/357.png,24/01/18 06:11,24/01/18 06:11
358,chimecho,433,184,48,6,10,blue,arms,358,45,fast,https://raw.githubusercontent.com/PokeAPI/sprites/master/sprites/pokemon/358.png,24/01/18 06:11,24/01/18 06:11
359,absol,,185,25,12,470,white,quadruped,359,30,medium-slow,https://raw.githubusercontent.com/PokeAPI/sprites/master/sprites/pokemon/359.png,24/01/18 06:11,24/01/18 06:11
360,wynaut,,100,,6,140,blue,upright,360,125,medium,https://raw.githubusercontent.com/PokeAPI/sprites/master/sprites/pokemon/360.png,24/01/18 06:11,24/01/18 06:11
361,snorunt,,186,,7,168,gray,humanoid,361,190,medium,https://raw.githubusercontent.com/PokeAPI/sprites/master/sprites/pokemon/361.png,24/01/18 06:11,24/01/18 06:11
362,glalie,361,186,,15,2565,gray,ball,362,75,medium,https://raw.githubusercontent.com/PokeAPI/sprites/master/sprites/pokemon/362.png,24/01/18 06:11,24/01/18 06:11
363,spheal,,187,,8,395,blue,fish,363,255,medium-slow,https://raw.githubusercontent.com/PokeAPI/sprites/master/sprites/pokemon/363.png,24/01/18 06:11,24/01/18 06:11
364,sealeo,363,187,,11,876,blue,fish,364,120,medium-slow,https://raw.githubusercontent.com/PokeAPI/sprites/master/sprites/pokemon/364.png,24/01/18 06:11,24/01/18 06:11
365,walrein,364,187,,14,1506,blue,quadruped,365,45,medium-slow,https://raw.githubusercontent.com/PokeAPI/sprites/master/sprites/pokemon/365.png,24/01/18 06:11,24/01/18 06:11
366,clamperl,,188,28,4,525,blue,ball,366,255,slow-then-very-fast,https://raw.githubusercontent.com/PokeAPI/sprites/master/sprites/pokemon/366.png,24/01/18 06:11,24/01/18 06:11
367,huntail,366,188,,17,270,blue,squiggle,367,60,slow-then-very-fast,https://raw.githubusercontent.com/PokeAPI/sprites/master/sprites/pokemon/367.png,24/01/18 06:11,24/01/18 06:11
368,gorebyss,366,188,,18,226,pink,squiggle,368,60,slow-then-very-fast,https://raw.githubusercontent.com/PokeAPI/sprites/master/sprites/pokemon/368.png,24/01/18 06:11,24/01/18 06:11
369,relicanth,,189,,10,234,gray,fish,369,25,slow,https://raw.githubusercontent.com/PokeAPI/sprites/master/sprites/pokemon/369.png,24/01/18 06:11,24/01/18 06:11
370,luvdisc,,190,,6,87,pink,fish,370,225,fast,https://raw.githubusercontent.com/PokeAPI/sprites/master/sprites/pokemon/370.png,24/01/18 06:11,24/01/18 06:11
371,bagon,,191,25,6,421,blue,humanoid,371,45,slow,https://raw.githubusercontent.com/PokeAPI/sprites/master/sprites/pokemon/371.png,24/01/18 06:11,24/01/18 06:11
372,shelgon,371,191,17,11,1105,white,quadruped,372,45,slow,https://raw.githubusercontent.com/PokeAPI/sprites/master/sprites/pokemon/372.png,24/01/18 06:11,24/01/18 06:11
373,salamence,372,191,34,15,1026,blue,quadruped,373,45,slow,https://raw.githubusercontent.com/PokeAPI/sprites/master/sprites/pokemon/373.png,24/01/18 06:11,24/01/18 06:11
374,beldum,,192,17,6,952,blue,blob,374,3,slow,https://raw.githubusercontent.com/PokeAPI/sprites/master/sprites/pokemon/374.png,24/01/18 06:11,24/01/18 06:11
375,metang,374,192,34,12,2025,blue,arms,375,3,slow,https://raw.githubusercontent.com/PokeAPI/sprites/master/sprites/pokemon/375.png,24/01/18 06:11,24/01/18 06:11
376,metagross,375,192,17,16,5500,blue,heads,376,3,slow,https://raw.githubusercontent.com/PokeAPI/sprites/master/sprites/pokemon/376.png,24/01/18 06:11,24/01/18 06:11
377,regirock,,193,34,17,2300,brown,humanoid,377,3,slow,https://raw.githubusercontent.com/PokeAPI/sprites/master/sprites/pokemon/377.png,24/01/18 06:11,24/01/18 06:11
378,regice,,194,14,18,1750,blue,humanoid,378,3,slow,https://raw.githubusercontent.com/PokeAPI/sprites/master/sprites/pokemon/378.png,24/01/18 06:11,24/01/18 06:11
379,registeel,,195,28,19,2050,gray,humanoid,379,3,slow,https://raw.githubusercontent.com/PokeAPI/sprites/master/sprites/pokemon/379.png,24/01/18 06:11,24/01/18 06:11
380,latias,,196,20,14,400,red,wings,380,3,slow,https://raw.githubusercontent.com/PokeAPI/sprites/master/sprites/pokemon/380.png,24/01/18 06:11,24/01/18 06:11
381,latios,,197,20,20,600,blue,wings,381,3,slow,https://raw.githubusercontent.com/PokeAPI/sprites/master/sprites/pokemon/381.png,24/01/18 06:11,24/01/18 06:11
382,kyogre,,198,,45,3520,blue,fish,382,3,slow,https://raw.githubusercontent.com/PokeAPI/sprites/master/sprites/pokemon/382.png,24/01/18 06:11,24/01/18 06:11
383,groudon,,199,,35,9500,red,upright,383,3,slow,https://raw.githubusercontent.com/PokeAPI/sprites/master/sprites/pokemon/383.png,24/01/18 06:11,24/01/18 06:11
384,rayquaza,,200,25,70,2065,green,squiggle,384,45,slow,https://raw.githubusercontent.com/PokeAPI/sprites/master/sprites/pokemon/384.png,24/01/18 06:11,24/01/18 06:11
385,jirachi,,201,25,3,11,yellow,humanoid,385,3,slow,https://raw.githubusercontent.com/PokeAPI/sprites/master/sprites/pokemon/385.png,24/01/18 06:11,24/01/18 06:11
386,deoxys,,202,25,17,608,red,humanoid,386,3,slow,https://raw.githubusercontent.com/PokeAPI/sprites/master/sprites/pokemon/386.png,24/01/18 06:11,24/01/18 06:11
